<?xml version="1.0" encoding="UTF-8"?>
<project-private xmlns="http://www.netbeans.org/ns/project-private/1">
    <editor-bookmarks xmlns="http://www.netbeans.org/ns/editor-bookmarks/2" lastBookmarkId="0"/>
    <open-files xmlns="http://www.netbeans.org/ns/projectui-open-files/2">
        <group>
            <file>file:/C:/Users/Alicia/Documents/NetBeansProjects/M03UF215S2/src/m03uf215s2/ProjecteI_Tasca1.java</file>
            <file>file:/C:/Users/Alicia/Documents/NetBeansProjects/M03UF215S2/src/m03uf215s2_ProjecteII/ProjecteII_Tasca5_TSegons.java</file>
            <file>file:/C:/Users/Alicia/Documents/NetBeansProjects/M03UF215S2/src/m03uf215s2_ProjecteII/ProjecteII_Tasca5.java</file>
            <file>file:/C:/Users/Alicia/Documents/NetBeansProjects/M03UF215S2/src/m03uf215s2_ProjecteII/ProjecteII_Tasca2.java</file>
            <file>file:/C:/Users/Alicia/Documents/NetBeansProjects/M03UF215S2/src/m03uf215s2/ProjecteI_Tasca4.java</file>
            <file>file:/C:/Users/Alicia/Documents/NetBeansProjects/M03UF215S2/src/m03uf215s2_ProjecteII/ProjecteII_Tasca5_1.java</file>
            <file>file:/C:/Users/Alicia/Documents/NetBeansProjects/M03UF215S2/src/m03uf215s2/ProjecteI_Tasca2.java</file>
            <file>file:/C:/Users/Alicia/Documents/NetBeansProjects/M03UF215S2/src/m03uf215s2_ProjecteII/ProjecteII_Tasca3.java</file>
            <file>file:/C:/Users/Alicia/Documents/NetBeansProjects/M03UF215S2/src/m03uf215s2/ProjecteI_Tasca3.java</file>
            <file>file:/C:/Users/Alicia/Documents/NetBeansProjects/M03UF215S2/src/m03uf215s2_ProjecteII/ProjecteII_Tasca2_SF.java</file>
        </group>
    </open-files>
</project-private>
